{"is_source_file": false, "format": "", "description": "", "external_files": [], "external_methods": [], "published": [], "classes": [], "methods": [], "calls": [], "search-terms": [], "state": 2, "file_id": 12, "knowledge_revision": 21, "git_revision": "1ab103406cb0b15c4a665b0255f1db99d30625ad", "hash": "9245de7896f5186bd1b5c660f7fc6b72", "format-version": 4, "code-base-name": "tic_tac_toe_frontend", "filename": "README.md", "revision_history": [{"21": "1ab103406cb0b15c4a665b0255f1db99d30625ad"}]}