{"is_source_file": true, "format": "JavaScript (React JSX)", "description": "This file is the main React component for a simple Tic Tac Toe game, managing game state, rendering UI, and handling user interactions.", "external_files": ["./components/Board", "./utils/game", "./App.css"], "external_methods": ["calculateWinner", "isDraw"], "published": ["App"], "classes": [], "methods": [{"name": "App()", "description": "Main React functional component managing the Tic Tac Toe game state, rendering, and user interactions.", "scope": "", "scopeKind": ""}, {"name": "handlePlayAt", "description": "Handles a player's move at a specific board index, updates game state accordingly."}, {"name": "handleReset", "description": "Resets the game state to start a new game."}], "calls": ["calculateWinner(squares)", "isDraw(squares)", "setSquares(next)", "setXIsNext(prev => !prev)"], "search-terms": ["React Tic Tac Toe Main Component", "App.js", "calculateWinner", "handlePlayAt", "useMemo", "useState", "Board component", "game utils"], "state": 2, "file_id": 6, "knowledge_revision": 38, "git_revision": "3c985b4bb5c61c99cb6749bb48c734c5d56ab5bc", "revision_history": [{"24": "006b8cf6589f16c32fe00f9cc339b8eeb208367e"}, {"29": "006b8cf6589f16c32fe00f9cc339b8eeb208367e"}, {"38": "3c985b4bb5c61c99cb6749bb48c734c5d56ab5bc"}], "ctags": [{"_type": "tag", "name": "App", "path": "/home/kavia/workspace/code-generation/simple-tic-tac-toe-219517-219526/tic_tac_toe_frontend/src/App.js", "pattern": "/^function App() {$/", "language": "JavaScript", "kind": "function", "signature": "()"}, {"_type": "tag", "name": "EMPTY_BOARD", "path": "/home/kavia/workspace/code-generation/simple-tic-tac-toe-219517-219526/tic_tac_toe_frontend/src/App.js", "pattern": "/^const EMPTY_BOARD = Array(9).fill(null);$/", "language": "JavaScript", "kind": "constant"}, {"_type": "tag", "name": "WIN_LINES", "path": "/home/kavia/workspace/code-generation/simple-tic-tac-toe-219517-219526/tic_tac_toe_frontend/src/App.js", "pattern": "/^const WIN_LINES = [$/", "language": "JavaScript", "kind": "constant"}, {"_type": "tag", "name": "handlePlayAt", "path": "/home/kavia/workspace/code-generation/simple-tic-tac-toe-219517-219526/tic_tac_toe_frontend/src/App.js", "pattern": "/^              onPlayAt={handlePlayAt}$/", "language": "JavaScript", "kind": "field", "scope": "App.onPlayAt", "scopeKind": "class"}, {"_type": "tag", "name": "squares", "path": "/home/kavia/workspace/code-generation/simple-tic-tac-toe-219517-219526/tic_tac_toe_frontend/src/App.js", "pattern": "/^              squares={squares}$/", "language": "JavaScript", "kind": "field", "scope": "App.squares", "scopeKind": "class"}, {"_type": "tag", "name": "winner", "path": "/home/kavia/workspace/code-generation/simple-tic-tac-toe-219517-219526/tic_tac_toe_frontend/src/App.js", "pattern": "/^              disabled={winner || draw}$/", "language": "JavaScript", "kind": "field", "scope": "App.disabled", "scopeKind": "class"}, {"_type": "tag", "name": "winningSquares", "path": "/home/kavia/workspace/code-generation/simple-tic-tac-toe-219517-219526/tic_tac_toe_frontend/src/App.js", "pattern": "/^              winningSquares={winningSquares}$/", "language": "JavaScript", "kind": "field", "scope": "App.winningSquares", "scopeKind": "class"}], "hash": "a75e81cd8f9a5f5a74e7a299ce5ffa7d", "format-version": 4, "code-base-name": "tic_tac_toe_frontend", "filename": "tic_tac_toe_frontend/src/App.js", "fields": [{"name": "onPlayAt={handlePlayAt}", "scope": "App.onPlayAt", "scopeKind": "class", "description": "unavailable"}, {"name": "squares={squares}", "scope": "App.squares", "scopeKind": "class", "description": "unavailable"}, {"name": "disabled={winner || draw}", "scope": "App.disabled", "scopeKind": "class", "description": "unavailable"}, {"name": "winningSquares={winningSquares}", "scope": "App.winningSquares", "scopeKind": "class", "description": "unavailable"}]}