{"is_source_file": true, "format": "JavaScript", "description": "This file sets up testing configurations and imports for a JavaScript project, specifically adding custom jest matchers from '@testing-library/jest-dom'. It is used to configure the testing environment for React components.", "external_files": ["@testing-library/jest-dom"], "external_methods": [], "published": [], "classes": [], "methods": [], "calls": ["import '@testing-library/jest-dom'"], "search-terms": ["setupTests", "jest-dom", "testing-library", "jest", "React testing setup"], "state": 2, "file_id": 2, "knowledge_revision": 23, "git_revision": "006b8cf6589f16c32fe00f9cc339b8eeb208367e", "ctags": [], "hash": "1a77571e1a8cf36018a41bcedf60db75", "format-version": 4, "code-base-name": "tic_tac_toe_frontend", "filename": "tic_tac_toe_frontend/src/setupTests.js", "revision_history": [{"23": "006b8cf6589f16c32fe00f9cc339b8eeb208367e"}]}