{"is_source_file": false, "format": "", "description": "", "external_files": [], "external_methods": [], "published": [], "classes": [], "methods": [], "calls": [], "search-terms": [], "state": 2, "file_id": 9, "knowledge_revision": 17, "git_revision": "006b8cf6589f16c32fe00f9cc339b8eeb208367e", "hash": "d001d53c059625c4bcf75bf5a7f3fcf0", "format-version": 4, "code-base-name": "tic_tac_toe_frontend", "filename": "tic_tac_toe_frontend/package.json", "revision_history": [{"17": "006b8cf6589f16c32fe00f9cc339b8eeb208367e"}]}