{"is_source_file": false, "format": "", "description": "", "external_files": [], "external_methods": [], "published": [], "classes": [], "methods": [], "calls": [], "search-terms": [], "state": 2, "file_id": 3, "knowledge_revision": 41, "git_revision": "3c985b4bb5c61c99cb6749bb48c734c5d56ab5bc", "hash": "fdc5a3e41aa48833211dfeb3bfa2e12f", "format-version": 4, "code-base-name": "tic_tac_toe_frontend", "filename": "tic_tac_toe_frontend/src/App.css", "revision_history": [{"41": "3c985b4bb5c61c99cb6749bb48c734c5d56ab5bc"}]}