{"is_source_file": true, "format": "JavaScript (React JSX)", "description": "This file defines a React functional component named 'Square' that renders a single button representing a Tic Tac Toe square, with customizable properties such as value, click handler, disabled state, index, and winning state.", "external_files": ["react"], "external_methods": [], "published": ["default"], "classes": [], "methods": [{"name": "Square({ value, onClick, disabled = false, index, isWinning = false })", "description": "React functional component rendering a single Tic Tac Toe square button.", "scope": "", "scopeKind": ""}], "calls": ["React"], "search-terms": ["Square", "Tic Tac Toe", "JSX", "React", "button", "props"], "state": 2, "file_id": 14, "knowledge_revision": 37, "git_revision": "5af6fd54157a35831b3082b14daee42725074847", "revision_history": [{"34": "5af6fd54157a35831b3082b14daee42725074847"}, {"37": "5af6fd54157a35831b3082b14daee42725074847"}], "ctags": [{"_type": "tag", "name": "Square ${index + 1}${value ? `: ${value}` : \"\"}${isWinning ? \" (winning square)\" : \"\"}", "path": "/home/kavia/workspace/code-generation/simple-tic-tac-toe-219517-219526/tic_tac_toe_frontend/src/components/Square.jsx", "pattern": "/^      aria-label={`Square ${index + 1}${value ? `: ${value}` : \"\"}${isWinning ? \" (winning squar/", "language": "JavaScript", "kind": "field", "scope": "Square.aria", "scopeKind": "class"}, {"_type": "tag", "name": "Square", "path": "/home/kavia/workspace/code-generation/simple-tic-tac-toe-219517-219526/tic_tac_toe_frontend/src/components/Square.jsx", "pattern": "/^export default function Square({ value, onClick, disabled = false, index, isWinning = false }) {$/", "language": "JavaScript", "kind": "function", "signature": "({ value, onClick, disabled = false, index, isWinning = false })"}, {"_type": "tag", "name": "disabled", "path": "/home/kavia/workspace/code-generation/simple-tic-tac-toe-219517-219526/tic_tac_toe_frontend/src/components/Square.jsx", "pattern": "/^      disabled={disabled}$/", "language": "JavaScript", "kind": "field", "scope": "Square.disabled", "scopeKind": "class"}, {"_type": "tag", "name": "onClick", "path": "/home/kavia/workspace/code-generation/simple-tic-tac-toe-219517-219526/tic_tac_toe_frontend/src/components/Square.jsx", "pattern": "/^      onClick={onClick}$/", "language": "JavaScript", "kind": "field", "scope": "Square.onClick", "scopeKind": "class"}, {"_type": "tag", "name": "ttt-square${isWinning ? \" ttt-square--win\" : \"\"}", "path": "/home/kavia/workspace/code-generation/simple-tic-tac-toe-219517-219526/tic_tac_toe_frontend/src/components/Square.jsx", "pattern": "/^      className={`ttt-square${isWinning ? \" ttt-square--win\" : \"\"}`}$/", "language": "JavaScript", "kind": "field", "scope": "Square.className", "scopeKind": "class"}], "hash": "b0c40be2f62a7d2ca29d68ab34b09edd", "format-version": 4, "code-base-name": "tic_tac_toe_frontend", "filename": "tic_tac_toe_frontend/src/components/Square.jsx", "fields": [{"name": "aria-label={`Square ${index + 1}${value ? `: ${value}` : \"\"}${isWinning ? \" (winning squar/", "scope": "Square.aria", "scopeKind": "class", "description": "unavailable"}, {"name": "disabled={disabled}", "scope": "Square.disabled", "scopeKind": "class", "description": "unavailable"}, {"name": "onClick={onClick}", "scope": "Square.onClick", "scopeKind": "class", "description": "unavailable"}, {"name": "className={`ttt-square${isWinning ? \" ttt-square--win\" : \"\"}`}", "scope": "Square.className", "scopeKind": "class", "description": "unavailable"}]}