{"is_source_file": false, "format": "", "description": "", "external_files": [], "external_methods": [], "published": [], "classes": [], "methods": [], "calls": [], "search-terms": [], "state": 2, "file_id": 1, "knowledge_revision": 32, "git_revision": "5af6fd54157a35831b3082b14daee42725074847", "hash": "8aca0d8665d0a758af5d42c827bf08ea", "format-version": 4, "code-base-name": "tic_tac_toe_frontend", "filename": "tic_tac_toe_frontend/src/index.css", "revision_history": [{"32": "5af6fd54157a35831b3082b14daee42725074847"}]}