{"is_source_file": true, "format": "JavaScript (React JSX)", "description": "This file defines a React component 'Board' for rendering a Tic Tac Toe game board (3x3 grid). It handles display of individual squares, and manages user interactions such as clicking on a square to make a move.", "external_files": ["./Square"], "external_methods": [], "published": ["Board"], "classes": [], "methods": [{"name": "Board({ squares, onPlayAt, disabled = false, winningSquares = [] })", "description": "React functional component rendering the Tic Tac Toe board, accepting props for squares, onPlayAt, disabled state, and winning squares.", "scope": "", "scopeKind": ""}], "calls": ["React", "Square (component)", "Array.prototype.map"], "search-terms": ["Board", "tic tac toe", "React component", "JSX", "Square component", "winningSquares"], "state": 2, "file_id": 15, "knowledge_revision": 36, "git_revision": "5af6fd54157a35831b3082b14daee42725074847", "revision_history": [{"35": "5af6fd54157a35831b3082b14daee42725074847"}, {"36": "5af6fd54157a35831b3082b14daee42725074847"}], "ctags": [{"_type": "tag", "name": "Board", "path": "/home/kavia/workspace/code-generation/simple-tic-tac-toe-219517-219526/tic_tac_toe_frontend/src/components/Board.jsx", "pattern": "/^export default function Board({ squares, onPlayAt, disabled = false, winningSquares = [] }) {$/", "language": "JavaScript", "kind": "function", "signature": "({ squares, onPlayAt, disabled = false, winningSquares = [] })"}], "hash": "764b74b51921e809e29cedf3fd6aac28", "format-version": 4, "code-base-name": "tic_tac_toe_frontend", "filename": "tic_tac_toe_frontend/src/components/Board.jsx"}