{"is_source_file": true, "file_id": 15, "git_revision": "", "state": 1, "description": "", "external_files": [], "external_methods": [], "published": [], "classes": [], "methods": [], "calls": [], "search-terms": [], "ctags": [{"_type": "tag", "name": "Board", "path": "/home/kavia/workspace/code-generation/simple-tic-tac-toe-219517-219526/tic_tac_toe_frontend/src/components/Board.jsx", "pattern": "/^export default function Board({ squares, onPlayAt, disabled = false }) {$/", "language": "JavaScript", "kind": "function", "signature": "({ squares, onPlayAt, disabled = false })"}], "format": "JavaScript", "hash": "d219c0f10f0c323895b1563783772465", "format-version": 4, "code-base-name": "tic_tac_toe_frontend", "filename": "tic_tac_toe_frontend/src/components/Board.jsx", "knowledge_revision": 28}