{"is_source_file": false, "format": "", "description": "", "external_files": [], "external_methods": [], "published": [], "classes": [], "methods": [], "calls": [], "search-terms": [], "state": 2, "file_id": 1, "knowledge_revision": 42, "git_revision": "3c985b4bb5c61c99cb6749bb48c734c5d56ab5bc", "hash": "d967a40db9693a5d342a5a770418844c", "format-version": 4, "code-base-name": "tic_tac_toe_frontend", "filename": "tic_tac_toe_frontend/src/index.css", "revision_history": [{"42": "3c985b4bb5c61c99cb6749bb48c734c5d56ab5bc"}]}