{"is_source_file": true, "format": "JavaScript (React JSX)", "description": "This file is the main application component for a React-based Tic Tac Toe game. It manages game state, handles user interactions, and renders the UI including the game board, status messages, and controls.", "external_files": ["./components/Board", "./utils/game", "./App.css"], "external_methods": ["calculateWinner", "isDraw"], "published": ["App"], "classes": [], "methods": [{"name": "App()", "description": "Main React functional component that encapsulates the entire Tic Tac Toe app. Manages game state, user interactions, and rendering of UI elements.", "scope": "", "scopeKind": ""}, {"name": "handlePlayAt", "description": "Handles a player's move at a specific square index, updating game state accordingly."}, {"name": "handleReset", "description": "Resets the game to the initial state, clearing the board and setting the first player."}], "calls": ["calculateWinner(squares)", "isDraw(squares)", "setSquares(next)", "setXIsNext(prev => !prev)", "useMemo(() => ...)", "useState(initial)"], "search-terms": ["React", "useState", "useMemo", "calculateWinner", "isDraw", "tic_tac_toe_frontend", "App", "main game component", "Tic Tac Toe"], "state": 2, "file_id": 6, "knowledge_revision": 29, "git_revision": "006b8cf6589f16c32fe00f9cc339b8eeb208367e", "revision_history": [{"24": "006b8cf6589f16c32fe00f9cc339b8eeb208367e"}, {"29": "006b8cf6589f16c32fe00f9cc339b8eeb208367e"}], "ctags": [{"_type": "tag", "name": "App", "path": "/home/kavia/workspace/code-generation/simple-tic-tac-toe-219517-219526/tic_tac_toe_frontend/src/App.js", "pattern": "/^function App() {$/", "language": "JavaScript", "kind": "function", "signature": "()"}, {"_type": "tag", "name": "EMPTY_BOARD", "path": "/home/kavia/workspace/code-generation/simple-tic-tac-toe-219517-219526/tic_tac_toe_frontend/src/App.js", "pattern": "/^const EMPTY_BOARD = Array(9).fill(null);$/", "language": "JavaScript", "kind": "constant"}], "hash": "a96b221a25726ec8c7239c1ad41ed04b", "format-version": 4, "code-base-name": "tic_tac_toe_frontend", "filename": "tic_tac_toe_frontend/src/App.js"}