{"is_source_file": true, "format": "JavaScript", "description": "Entry point for a React application, responsible for rendering the main App component into the DOM.", "external_files": ["./App", "./index.css"], "external_methods": ["ReactDOM.createRoot", "root.render"], "published": ["React", "ReactDOM"], "classes": [], "methods": [{"name": "ReactDOM.createRoot", "description": "Creates a root to render a React component into the DOM tree."}, {"name": "root.render", "description": "Renders React elements into the created root."}], "calls": ["ReactDOM.createRoot", "root.render", "React.StrictMode", "App"], "search-terms": ["React", "ReactDOM", "index.js", "React DOM rendering", "React.StrictMode", "main entry point"], "state": 2, "file_id": 5, "knowledge_revision": 25, "git_revision": "006b8cf6589f16c32fe00f9cc339b8eeb208367e", "ctags": [{"_type": "tag", "name": "root", "path": "/home/kavia/workspace/code-generation/simple-tic-tac-toe-219517-219526/tic_tac_toe_frontend/src/index.js", "pattern": "/^const root = ReactDOM.createRoot(document.getElementById('root'));$/", "language": "JavaScript", "kind": "constant"}], "hash": "9fc5841375336fc175b49f8767a11383", "format-version": 4, "code-base-name": "tic_tac_toe_frontend", "filename": "tic_tac_toe_frontend/src/index.js", "revision_history": [{"25": "006b8cf6589f16c32fe00f9cc339b8eeb208367e"}]}