{"is_source_file": false, "format": "", "description": "", "external_files": [], "external_methods": [], "published": [], "classes": [], "methods": [], "calls": [], "search-terms": [], "state": 2, "file_id": 3, "knowledge_revision": 30, "git_revision": "5af6fd54157a35831b3082b14daee42725074847", "hash": "098835bae80b246c91b2a8085e456728", "format-version": 4, "code-base-name": "tic_tac_toe_frontend", "filename": "tic_tac_toe_frontend/src/App.css", "revision_history": [{"30": "5af6fd54157a35831b3082b14daee42725074847"}]}