{"is_source_file": true, "format": "JavaScript", "description": "This file contains utility functions for Tic Tac Toe game logic, including winner calculation and draw detection.", "external_files": [], "external_methods": [], "published": ["calculateWinner", "isDraw"], "classes": [], "methods": [{"name": "calculateWinner(squares)", "description": "Calculate the winner for a given Tic Tac Toe board, returning 'X', 'O', or null.", "scope": "", "scopeKind": ""}, {"name": "isDraw(squares)", "description": "Determine if the Tic Tac Toe game has resulted in a draw.", "scope": "", "scopeKind": ""}], "calls": ["calculateWinner"], "search-terms": ["calculateWinner", "isDraw", "Tic Tac Toe", "game logic", "utils", "winner", "draw"], "state": 2, "file_id": 13, "knowledge_revision": 31, "git_revision": "5af6fd54157a35831b3082b14daee42725074847", "ctags": [{"_type": "tag", "name": "calculateWinner", "path": "/home/kavia/workspace/code-generation/simple-tic-tac-toe-219517-219526/tic_tac_toe_frontend/src/utils/game.js", "pattern": "/^export function calculateWinner(squares) {$/", "language": "JavaScript", "kind": "function", "signature": "(squares)"}, {"_type": "tag", "name": "isDraw", "path": "/home/kavia/workspace/code-generation/simple-tic-tac-toe-219517-219526/tic_tac_toe_frontend/src/utils/game.js", "pattern": "/^export function isDraw(squares) {$/", "language": "JavaScript", "kind": "function", "signature": "(squares)"}], "hash": "b0d96ce44c47e8ac4cc4acb691554c43", "format-version": 4, "code-base-name": "tic_tac_toe_frontend", "filename": "tic_tac_toe_frontend/src/utils/game.js", "revision_history": [{"31": "5af6fd54157a35831b3082b14daee42725074847"}]}