{"is_source_file": false, "format": "", "description": "", "external_files": [], "external_methods": [], "published": [], "classes": [], "methods": [], "calls": [], "search-terms": [], "state": 2, "file_id": 8, "knowledge_revision": 15, "git_revision": "006b8cf6589f16c32fe00f9cc339b8eeb208367e", "hash": "d2b40d02d5f7873d8a6713bad837edd4", "format-version": 4, "code-base-name": "tic_tac_toe_frontend", "filename": "tic_tac_toe_frontend/public/index.html", "revision_history": [{"15": "006b8cf6589f16c32fe00f9cc339b8eeb208367e"}]}